<?xml version="1.0" encoding="UTF-8"?>

<facturacio>
    <empresa>
        <raosocial tipus="empresa">
            <nom>Porquets, SL</nom>
            <adreca>c/Truges, 12</adreca>
            <codipostal>17760</codipostal>
            <poblacio>Vilabertran</poblacio>
            <NIF>B17818181NK</NIF>
        </raosocial>
    </empresa>
    
    <factura numero="12">
        <client codi="234">
            <raosocial tipus="persona" >
                <nom>Filomeno</nom>
                <cognom>Garcia</cognom>
                <cognom>Puig</cognom>
                <adreca>c/Pollastres, 23</adreca>
                <codipostal>17600</codipostal>
                <poblacio>Figueres</poblacio>
                <DNI>40444444-M</DNI>
            </raosocial>
        </client>
        <rebut numero="23">
            <data>12-10-2010</data>
            <totalrebut>524</totalrebut>
            <linies>
                <producte codi="11115">
                    <descripcio>Porquet de xocolata negra</descripcio>
                    <quantitat>1</quantitat>
                    <preuunitari>100</preuunitari>
                </producte>
                <producte codi="11112">
                     <descripcio>Porquet de xocolata blanca</descripcio>
                     <quantitat>4</quantitat>
                     <preuunitari>106</preuunitari>
                </producte>
            </linies>
        </rebut>
        <rebut numero="28">
            <data>14-10-2010</data>
            <totalrebut>220</totalrebut>
            <linies>
                <producte codi="11111">
                    <descripcio>Porquet de xocolata amb llet</descripcio>
                    <quantitat>2</quantitat>
                    <preuunitari>110</preuunitari>
                </producte>
            </linies>
        </rebut>
        <data>15-10-2010</data>
        <total>744</total>        
    </factura>
    
    <factura numero="13">
        <client>
            <raosocial tipus="empresa">
                <nom>Telemonica, SA</nom>
                <adreca>c/De la Gran Gran Via, 28</adreca>
                <codipostal>28013</codipostal>
                <poblacio>Madrid</poblacio>
                <NIF>A88888888</NIF>                
            </raosocial>
            <idioma>castellà</idioma>
            <Contacte>Manolo Antena</Contacte>
            <Contacte>Marcial Porras</Contacte>            
        </client>
        <rebut numero="24">
            <data>12-10-2010</data>
            <totalrebut>5000</totalrebut>
            <linies>
                <producte codi="11115">
                    <descripcio>Porquet de xocolata negra</descripcio>
                    <quantitat>50</quantitat>
                    <preuunitari>100</preuunitari>
                </producte>                    
            </linies>
        </rebut>
        <data>15-10-2010</data>
        <total>5000</total>
    </factura>
    
    <factura numero="14">
        <client>
            <raosocial tipus="empresa">              
                <nom>MenjaXocolata, SL</nom>
                <adreca></adreca>
                <codipostal>17600</codipostal>
                <poblacio>Figueres</poblacio>
                <NIF>A177777777</NIF>
            </raosocial>
            <Contacte>Jimmy Gras</Contacte>            
        </client>
        <rebut numero="25">
            <data>13-10-2010</data>
            <totalrebut>110</totalrebut>
            <linies>
                <producte codi="11111">
                    <descripcio>Porquet de xocolata amb llet</descripcio>
                    <quantitat>1</quantitat>
                    <preuunitari>110</preuunitari>
                </producte>                
            </linies>
        </rebut>
        <rebut numero="26">
            <data>14-10-2010</data>
            <totalrebut>110</totalrebut>
            <linies>
                <producte codi="11111">
                    <descripcio>Porquet de xocolata amb llet</descripcio>
                    <quantitat>1</quantitat>
                    <preuunitari>110</preuunitari>
                </producte>                
            </linies>
        </rebut>
        <rebut numero="27">
            <data>14-10-2010</data>
            <totalrebut>110</totalrebut>
            <linies>
                <producte codi="11111">
                    <descripcio>Porquet de xocolata amb llet</descripcio>
                    <quantitat>1</quantitat>
                    <preuunitari>110</preuunitari>
                </producte>                
            </linies>
        </rebut>
        <data>15-10-2010</data>
        <total>330</total>        
    </factura>    
</facturacio>
